{
    "sourceFile": "pom.xml",
    "activeCommit": 0,
    "commits": [
        {
            "activePatchIndex": 0,
            "patches": [
                {
                    "date": 1764591097856,
                    "content": "Index: \n===================================================================\n--- \n+++ \n"
                }
            ],
            "date": 1764591097855,
            "name": "Commit-0",
            "content": "<project xmlns=\"http://maven.apache.org/POM/4.0.0\"\n         xmlns:xsi=\"http://www.w3.org/2001/XMLSchema-instance\"\n         xsi:schemaLocation=\"http://maven.apache.org/POM/4.0.0 https://maven.apache.org/xsd/maven-4.0.0.xsd\">\n    <modelVersion>4.0.0</modelVersion>\n\n    <groupId>com.tiendaonline</groupId>\n    <artifactId>tiendaonline-exam</artifactId>\n    <version>1.0.0</version>\n    <packaging>jar</packaging>\n\n    <name>tiendaonline-exam</name>\n    <description>Proyecto de examen: CRUD con JPA (H2) + MongoDB</description>\n\n    <parent>\n        <groupId>org.springframework.boot</groupId>\n        <artifactId>spring-boot-starter-parent</artifactId>\n        <version>3.3.0</version>\n        <relativePath/> \n    </parent>\n\n    <properties>\n        <java.version>17</java.version>\n    </properties>\n\n    <dependencies>\n        <dependency>\n            <groupId>org.springframework.boot</groupId>\n            <artifactId>spring-boot-starter-web</artifactId>\n        </dependency>\n\n        <dependency>\n            <groupId>org.springframework.boot</groupId>\n            <artifactId>spring-boot-starter-data-jpa</artifactId>\n        </dependency>\n\n        <dependency>\n            <groupId>org.springframework.boot</groupId>\n            <artifactId>spring-boot-starter-data-mongodb</artifactId>\n        </dependency>\n\n        <dependency>\n            <groupId>com.h2database</groupId>\n            <artifactId>h2</artifactId>\n            <scope>compile</scope>\n        </dependency>\n\n        <dependency>\n            <groupId>org.springframework.boot</groupId>\n            <artifactId>spring-boot-starter-test</artifactId>\n            <scope>test</scope>\n        </dependency>\n    </dependencies>\n\n    <build>\n        <plugins>\n            <plugin>\n                <groupId>org.springframework.boot</groupId>\n                <artifactId>spring-boot-maven-plugin</artifactId>\n            </plugin>\n        </plugins>\n    </build>\n</project>\n"
        }
    ]
}