{
    "sourceFile": "src/main/resources/application.properties",
    "activeCommit": 0,
    "commits": [
        {
            "activePatchIndex": 0,
            "patches": [
                {
                    "date": 1764591423556,
                    "content": "Index: \n===================================================================\n--- \n+++ \n"
                }
            ],
            "date": 1764591423556,
            "name": "Commit-0",
            "content": "\n"
        }
    ]
}