{
    "sourceFile": "src/main/java/com/tiendaonline/model/Pedido.java",
    "activeCommit": 0,
    "commits": [
        {
            "activePatchIndex": 8,
            "patches": [
                {
                    "date": 1764591842749,
                    "content": "Index: \n===================================================================\n--- \n+++ \n"
                },
                {
                    "date": 1764591850954,
                    "content": "Index: \n===================================================================\n--- \n+++ \n@@ -22,9 +22,8 @@\n     @ManyToOne\n     @JoinColumn(name = \"CLIENTE_ID\", nullable = false)\n     private Cliente cliente;\n \n-\n     public Pedido() {\n     }\n \n     public Pedido(LocalDateTime fecha, String estado, Cliente cliente) {\n@@ -64,12 +63,5 @@\n     public void setCliente(Cliente cliente) {\n         this.cliente = cliente;\n     }\n \n-    public List<LineaPedido> getLineas() {\n-        return lineas;\n-    }\n-\n-    public void setLineas(List<LineaPedido> lineas) {\n-        this.lineas = lineas;\n-    }\n }\n"
                },
                {
                    "date": 1764591864612,
                    "content": "Index: \n===================================================================\n--- \n+++ \n@@ -1,11 +1,10 @@\n package com.tiendaonline.model;\n \n import jakarta.persistence.*;\n import java.time.LocalDateTime;\n-import java.util.ArrayList;\n-import java.util.List;\n \n+\n @Entity\n @Table(name = \"PEDIDO\")\n public class Pedido {\n \n"
                },
                {
                    "date": 1764593020066,
                    "content": "Index: \n===================================================================\n--- \n+++ \n@@ -2,16 +2,15 @@\n \n import jakarta.persistence.*;\n import java.time.LocalDateTime;\n \n-\n @Entity\n @Table(name = \"PEDIDO\")\n public class Pedido {\n \n     @Id\n     @GeneratedValue(strategy = GenerationType.IDENTITY)\n-    private Long id;\n+    private int id;\n \n     @Column(nullable = false)\n     private LocalDateTime fecha;\n \n"
                },
                {
                    "date": 1764593036438,
                    "content": "Index: \n===================================================================\n--- \n+++ \n@@ -10,16 +10,10 @@\n     @Id\n     @GeneratedValue(strategy = GenerationType.IDENTITY)\n     private int id;\n \n-    @Column(nullable = false)\n-    private LocalDateTime fecha;\n-\n     @Column(nullable = false, length = 20)\n     private String estado;\n-\n-    @ManyToOne\n-    @JoinColumn(name = \"CLIENTE_ID\", nullable = false)\n     private Cliente cliente;\n \n     public Pedido() {\n     }\n"
                },
                {
                    "date": 1764593046935,
                    "content": "Index: \n===================================================================\n--- \n+++ \n@@ -6,13 +6,9 @@\n @Entity\n @Table(name = \"PEDIDO\")\n public class Pedido {\n \n-    @Id\n-    @GeneratedValue(strategy = GenerationType.IDENTITY)\n     private int id;\n-\n-    @Column(nullable = false, length = 20)\n     private String estado;\n     private Cliente cliente;\n \n     public Pedido() {\n"
                },
                {
                    "date": 1764593053133,
                    "content": "Index: \n===================================================================\n--- \n+++ \n@@ -13,43 +13,6 @@\n \n     public Pedido() {\n     }\n \n-    public Pedido(LocalDateTime fecha, String estado, Cliente cliente) {\n-        this.fecha = fecha;\n-        this.estado = estado;\n-        this.cliente = cliente;\n-    }\n-\n-    public Long getId() {\n-        return id;\n-    }\n-\n-    public void setId(Long id) {\n-        this.id = id;\n-    }\n-\n-    public LocalDateTime getFecha() {\n-        return fecha;\n-    }\n-\n-    public void setFecha(LocalDateTime fecha) {\n-        this.fecha = fecha;\n-    }\n-\n-    public String getEstado() {\n-        return estado;\n-    }\n-\n-    public void setEstado(String estado) {\n-        this.estado = estado;\n-    }\n-\n-    public Cliente getCliente() {\n-        return cliente;\n-    }\n-\n-    public void setCliente(Cliente cliente) {\n-        this.cliente = cliente;\n-    }\n-\n+    \n }\n"
                },
                {
                    "date": 1764593059667,
                    "content": "Index: \n===================================================================\n--- \n+++ \n@@ -1,11 +1,8 @@\n package com.tiendaonline.model;\n \n-import jakarta.persistence.*;\n-import java.time.LocalDateTime;\n \n-@Entity\n-@Table(name = \"PEDIDO\")\n+\n public class Pedido {\n \n     private int id;\n     private String estado;\n"
                },
                {
                    "date": 1764593601740,
                    "content": "Index: \n===================================================================\n--- \n+++ \n@@ -1,8 +1,7 @@\n package com.tiendaonline.model;\n \n-\n-\n+import jakarta.persistence.*;\n public class Pedido {\n \n     private int id;\n     private String estado;\n"
                }
            ],
            "date": 1764591842749,
            "name": "Commit-0",
            "content": "package com.tiendaonline.model;\n\nimport jakarta.persistence.*;\nimport java.time.LocalDateTime;\nimport java.util.ArrayList;\nimport java.util.List;\n\n@Entity\n@Table(name = \"PEDIDO\")\npublic class Pedido {\n\n    @Id\n    @GeneratedValue(strategy = GenerationType.IDENTITY)\n    private Long id;\n\n    @Column(nullable = false)\n    private LocalDateTime fecha;\n\n    @Column(nullable = false, length = 20)\n    private String estado;\n\n    @ManyToOne\n    @JoinColumn(name = \"CLIENTE_ID\", nullable = false)\n    private Cliente cliente;\n\n\n    public Pedido() {\n    }\n\n    public Pedido(LocalDateTime fecha, String estado, Cliente cliente) {\n        this.fecha = fecha;\n        this.estado = estado;\n        this.cliente = cliente;\n    }\n\n    public Long getId() {\n        return id;\n    }\n\n    public void setId(Long id) {\n        this.id = id;\n    }\n\n    public LocalDateTime getFecha() {\n        return fecha;\n    }\n\n    public void setFecha(LocalDateTime fecha) {\n        this.fecha = fecha;\n    }\n\n    public String getEstado() {\n        return estado;\n    }\n\n    public void setEstado(String estado) {\n        this.estado = estado;\n    }\n\n    public Cliente getCliente() {\n        return cliente;\n    }\n\n    public void setCliente(Cliente cliente) {\n        this.cliente = cliente;\n    }\n\n    public List<LineaPedido> getLineas() {\n        return lineas;\n    }\n\n    public void setLineas(List<LineaPedido> lineas) {\n        this.lineas = lineas;\n    }\n}\n"
        }
    ]
}