{
    "sourceFile": "src/main/java/com/tiendaonline/service/interfaces/IPedidoService.java",
    "activeCommit": 0,
    "commits": [
        {
            "activePatchIndex": 3,
            "patches": [
                {
                    "date": 1764593293476,
                    "content": "Index: \n===================================================================\n--- \n+++ \n"
                },
                {
                    "date": 1764593303649,
                    "content": "Index: \n===================================================================\n--- \n+++ \n@@ -1,5 +1,26 @@\n package com.tiendaonline.service.interfaces;\n \n+import com.tiendaonline.model.Pedido;\n+\n public interface IPedidoService {\n+**\n+     * Crea un nuevo pedido para el cliente indicado y con el estado dado.\n+     *\n+     * @param clienteId id del cliente (no puede ser null)\n+     * @param estado    estado del pedido (no puede ser null ni vacío)\n+     * @return el pedido creado y persistido\n+     * @throws IllegalArgumentException si clienteId es null, estado es null/vacío\n+     *                                  o el cliente no existe\n+     */\n+    @Transactional\n+    Pedido crearPedido(Integer clienteId, String estado);\n \n+    /**\n+     * Busca un pedido por su identificador.\n+     *\n+     * @param id identificador del pedido (no puede ser null)\n+     * @return el pedido encontrado\n+     * @throws IllegalArgumentException si id es null o no se encuentra el pedido\n+     */\n+    Pedido findById(Long id);\n }\n"
                },
                {
                    "date": 1764593310513,
                    "content": "Index: \n===================================================================\n--- \n+++ \n@@ -2,9 +2,10 @@\n \n import com.tiendaonline.model.Pedido;\n \n public interface IPedidoService {\n-**\n+\n+    **\n      * Crea un nuevo pedido para el cliente indicado y con el estado dado.\n      *\n      * @param clienteId id del cliente (no puede ser null)\n      * @param estado    estado del pedido (no puede ser null ni vacío)\n"
                },
                {
                    "date": 1764593316292,
                    "content": "Index: \n===================================================================\n--- \n+++ \n@@ -3,18 +3,17 @@\n import com.tiendaonline.model.Pedido;\n \n public interface IPedidoService {\n \n-    **\n+    /**\n      * Crea un nuevo pedido para el cliente indicado y con el estado dado.\n      *\n      * @param clienteId id del cliente (no puede ser null)\n      * @param estado    estado del pedido (no puede ser null ni vacío)\n      * @return el pedido creado y persistido\n      * @throws IllegalArgumentException si clienteId es null, estado es null/vacío\n      *                                  o el cliente no existe\n      */\n-    @Transactional\n     Pedido crearPedido(Integer clienteId, String estado);\n \n     /**\n      * Busca un pedido por su identificador.\n"
                }
            ],
            "date": 1764593293476,
            "name": "Commit-0",
            "content": "package com.tiendaonline.service.interfaces;\n\npublic interface IPedidoService {\n\n}\n"
        }
    ]
}